{"parent":"builtin/entity","gui_light":"front","display":{"thirdperson_righthand":{"rotation":[0,90,0],"translation":[10.25,6,-5],"scale":[1.01,1.01,1.01]},"thirdperson_lefthand":{"rotation":[0,90,0],"translation":[10.25,6,12],"scale":[1.01,1.01,1.01]},"firstperson_righthand":{"rotation":[0,90,90],"translation":[15,0,10],"scale":[1.25,1.25,1.25]},"firstperson_lefthand":{"rotation":[0,90,90],"translation":[15,-20,10],"scale":[1.25,1.25,1.25]},"gui":{"rotation":[15,-25,-5],"translation":[2,3,0],"scale":[0.65,0.65,0.65]},"ground":{"rotation":[0,0,0],"translation":[2,4,2],"scale":[0.25,0.25,0.25]},"fixed":{"rotation":[0,180,0],"translation":[-4,5,-5],"scale":[0.5,0.5,0.5]}},"overrides":[{"predicate":{"blocking":1},"model":"item/shield_blocking"}]}